{
    "product_id": "CEBM3710T",
    "description": "7.5HP, 1770RPM, 3PH, 60HZ, 213TC, 3738M, TEFC",
    "name": "3-Phase AC_MOTOR General Purpose",
    "specs": [
        {
            "hp": "7.5"
        },
        {
            "voltage": "230/460"
        },
        {
            "rpm": "1770"
        },
        {
            "Frame": "213TC"
        }
    ],
    "bom": [
        {
            "part_number": "3710"
        },
        {
            "description": "General Purpose"
        },
        {
            "quantity": "1"
        }
    ],
    "assets": [
        {
            "manual": "assets/CEBM3710T/CEBM3710T_manual.pdf"
        },
        {
            "cad": "assets/CEBM3710T/CEBM3710T_cad.dwg"
        },
        {
            "image": ""
        }
    ]
}