{
    "product_id": "CEBM3554T",
    "description": "1.5HP, 1770RPM, 3PH, 60HZ, 145TC, 3524M, TEFC",
    "name": "3-Phase AC_MOTOR General Purpose",
    "specs": [
        {
            "hp": "1.5"
        },
        {
            "voltage": "460/230"
        },
        {
            "rpm": "1770"
        },
        {
            "Frame": "145TC"
        }
    ],
    "bom": [
        {
            "part_number": "3554"
        },
        {
            "description": "General Purpose"
        },
        {
            "quantity": "1"
        }
    ],
    "assets": [
        {
            "manual": "assets/CEBM3554T/CEBM3554T_manual.pdf"
        },
        {
            "cad": "assets/CEBM3554T/CEBM3554T_cad.dwg"
        },
        {
            "image": ""
        }
    ]
}