{
    "product_id": "CEL11310",
    "description": "1HP, 1750RPM, 1PH, 60HZ, 56C, 3528LC, OPEN, F1",
    "name": "1-Phase AC_MOTOR General Purpose",
    "specs": [
        {
            "hp": "1"
        },
        {
            "voltage": "115/230"
        },
        {
            "rpm": "1750"
        },
        {
            "Frame": "56C"
        }
    ],
    "bom": [
        {
            "part_number": "11310"
        },
        {
            "description": "General Purpose"
        },
        {
            "quantity": "1"
        }
    ],
    "assets": [
        {
            "manual": "assets/CEL11310/CEL11310_manual.pdf"
        },
        {
            "cad": "assets/CEL11310/CEL11310_cad.dwg"
        },
        {
            "image": "assets/CEL11310/imagem_451.jpeg"
        }
    ]
}