{
    "product_id": "CEM2276T-G",
    "description": "7.5HP, 1180RPM, 3PH, 60HZ, 254TC, TEFC, F1",
    "name": "3-Phase AC_MOTOR General Purpose",
    "specs": [
        {
            "hp": "7.5"
        },
        {
            "voltage": "230/460"
        },
        {
            "rpm": "1180"
        },
        {
            "Frame": "254TC"
        }
    ],
    "bom": [
        {
            "part_number": "2276"
        },
        {
            "description": "General Purpose"
        },
        {
            "quantity": "1"
        }
    ],
    "assets": [
        {
            "manual": "assets/CEM2276T-G/CEM2276T-G_manual.pdf"
        },
        {
            "cad": "assets/CEM2276T-G/CEM2276T-G_cad.dwg"
        },
        {
            "image": ""
        }
    ]
}