{
    "product_id": "CESSWDM3546T-5",
    "description": "1HP, 1775RPM, 3PH, 60HZ, 143TC, 3522M, TEFC, F1",
    "name": "3-Phase AC_MOTOR Wash Down All Stainless Steel",
    "specs": [
        {
            "hp": "1"
        },
        {
            "voltage": "575"
        },
        {
            "rpm": "1775"
        },
        {
            "Frame": "143TC"
        }
    ],
    "bom": [
        {
            "part_number": "3546"
        },
        {
            "description": "Wash Down All Stainless Steel"
        },
        {
            "quantity": "1"
        }
    ],
    "assets": [
        {
            "manual": "assets/CESSWDM3546T-5/CESSWDM3546T-5_manual.pdf"
        },
        {
            "cad": "assets/CESSWDM3546T-5/CESSWDM3546T-5_cad.dwg"
        },
        {
            "image": "assets/CESSWDM3546T-5/imagem_675.jpeg"
        }
    ]
}