{
    "product_id": "CESSWDM3550",
    "description": "1.5HP, 3500RPM, 3PH, 60HZ, 3532M, N",
    "name": "3-Phase AC_MOTOR Wash Down All Stainless Steel",
    "specs": [
        {
            "hp": "1.5"
        },
        {
            "voltage": "230/460"
        },
        {
            "rpm": "3500"
        },
        {
            "Frame": "56C"
        }
    ],
    "bom": [
        {
            "part_number": "3550"
        },
        {
            "description": "Wash Down All Stainless Steel"
        },
        {
            "quantity": "1"
        }
    ],
    "assets": [
        {
            "manual": "assets/CESSWDM3550/CESSWDM3550_manual.pdf"
        },
        {
            "cad": "assets/CESSWDM3550/CESSWDM3550_cad.dwg"
        },
        {
            "image": "assets/CESSWDM3550/imagem_675.jpeg"
        }
    ]
}