{
    "product_id": "CESSWDM3550-H",
    "description": "1.5HP, 3500RPM, 3PH, 60HZ, 56HC, TENV, F1",
    "name": "3-Phase AC_MOTOR Wash Down All Stainless Steel",
    "specs": [
        {
            "hp": "1.5"
        },
        {
            "voltage": "230/460"
        },
        {
            "rpm": "3500"
        },
        {
            "Frame": "56HC"
        }
    ],
    "bom": [
        {
            "part_number": "3550"
        },
        {
            "description": "Wash Down All Stainless Steel"
        },
        {
            "quantity": "1"
        }
    ],
    "assets": [
        {
            "manual": "assets/CESSWDM3550-H/CESSWDM3550-H_manual.pdf"
        },
        {
            "cad": "assets/CESSWDM3550-H/CESSWDM3550-H_cad.dwg"
        },
        {
            "image": ""
        }
    ]
}