{
    "product_id": "CESSWDM3546-5",
    "description": "1HP, 1775RPM, 3PH, 60HZ, 56C, 3522M, TENV, F1, N",
    "name": "3-Phase AC_MOTOR Wash Down All Stainless Steel",
    "specs": [
        {
            "hp": "1"
        },
        {
            "voltage": "575"
        },
        {
            "rpm": "1775"
        },
        {
            "Frame": "56C"
        }
    ],
    "bom": [
        {
            "part_number": "3546"
        },
        {
            "description": "Wash Down All Stainless Steel"
        },
        {
            "quantity": "1"
        }
    ],
    "assets": [
        {
            "manual": "assets/CESSWDM3546-5/CESSWDM3546-5_manual.pdf"
        },
        {
            "cad": "assets/CESSWDM3546-5/CESSWDM3546-5_cad.dwg"
        },
        {
            "image": ""
        }
    ]
}