{
    "product_id": "CESSWDM3545-H",
    "description": "1HP, 3450RPM, 3PH, 60HZ, 56HC, TENV, F1",
    "name": "3-Phase AC_MOTOR Wash Down All Stainless Steel",
    "specs": [
        {
            "hp": "1"
        },
        {
            "voltage": "230/460"
        },
        {
            "rpm": "3450"
        },
        {
            "Frame": "56HC"
        }
    ],
    "bom": [
        {
            "part_number": "3545"
        },
        {
            "description": "Wash Down All Stainless Steel"
        },
        {
            "quantity": "1"
        }
    ],
    "assets": [
        {
            "manual": "assets/CESSWDM3545-H/CESSWDM3545-H_manual.pdf"
        },
        {
            "cad": "assets/CESSWDM3545-H/CESSWDM3545-H_cad.dwg"
        },
        {
            "image": ""
        }
    ]
}